Date,Open,High,Low,Close,Adj Close,Volume,Sentiment
2017-01-03,14.324000358581543,14.688667297363281,14.064000129699707,14.465999603271484,14.465999603271484,88849500,0
2017-01-04,14.316666603088379,15.199999809265137,14.287332534790039,15.13266658782959,15.13266658782959,168202500,2
2017-01-05,15.094667434692383,15.165332794189453,14.796667098999023,15.116666793823242,15.116666793823242,88675500,2
2017-01-06,15.128666877746582,15.354000091552734,15.029999732971191,15.267333030700684,15.267333030700684,82918500,4
2017-01-09,15.264666557312012,15.461333274841309,15.199999809265137,15.41866683959961,15.41866683959961,59692500,4
2017-01-10,15.466667175292969,15.466667175292969,15.12600040435791,15.324666976928711,15.324666976928711,54900000,4
2017-01-11,15.271332740783691,15.331999778747559,15.112000465393066,15.315333366394043,15.315333366394043,54762000,2
2017-01-12,15.27066707611084,15.380000114440918,15.038666725158691,15.305999755859375,15.305999755859375,56853000,4
2017-01-13,15.333333015441895,15.856666564941406,15.305999755859375,15.850000381469727,15.850000381469727,91395000,4
2017-01-17,15.779999732971191,15.997332572937012,15.624667167663574,15.70533275604248,15.70533275604248,69262500,4
2017-01-18,15.776666641235352,15.980667114257812,15.70533275604248,15.890666961669922,15.890666961669922,56535000,4
2017-01-19,16.483333587646484,16.57866668701172,16.049999237060547,16.250667572021484,16.250667572021484,115984500,0
2017-01-20,16.36400032043457,16.399999618530273,16.200666427612305,16.315332412719727,16.315332412719727,63064500,0
2017-01-23,16.389999389648438,16.72599983215332,16.366666793823242,16.594667434692383,16.594667434692383,93943500,4
2017-01-24,16.666667938232422,16.98666763305664,16.643333435058594,16.974000930786133,16.974000930786133,74482500,2
2017-01-25,17.15399932861328,17.230667114257812,16.786666870117188,16.96466636657715,16.96466636657715,77139000,2
2017-01-26,16.952667236328125,17.049333572387695,16.71666717529297,16.833999633789062,16.833999633789062,47281500,4
2017-01-27,16.7586669921875,16.866666793823242,16.56800079345703,16.863332748413086,16.863332748413086,47494500,4
2017-01-30,16.8353328704834,17.019332885742188,16.47333335876465,16.708667755126953,16.708667755126953,57016500,4
2017-01-31,16.615999221801758,17.05933380126953,16.51333236694336,16.795333862304688,16.795333862304688,61741500,2
2017-02-01,16.8700008392334,16.8799991607666,16.60333251953125,16.615999221801758,16.615999221801758,59382000,2
2017-02-02,16.555999755859375,16.827999114990234,16.513999938964844,16.770000457763672,16.770000457763672,37497000,4
2017-02-03,16.79400062561035,16.812000274658203,16.64533233642578,16.755332946777344,16.755332946777344,32800500,4
2017-02-06,16.733333587646484,17.187999725341797,16.708667755126953,17.184667587280273,17.184667587280273,53437500,4
2017-02-07,17.21266746520996,17.333332061767578,17.094667434692383,17.165332794189453,17.165332794189453,63672000,2
2017-02-08,17.156667709350586,17.55733299255371,17.079999923706055,17.472000122070312,17.472000122070312,58995000,4
2017-02-09,17.75,18.07866668701172,17.74333381652832,17.946666717529297,17.946666717529297,117303000,2
2017-02-10,17.986000061035156,18.06333351135254,17.74066734313965,17.948667526245117,17.948667526245117,54295500,0
2017-02-13,18.049333572387695,18.71933364868164,18.034000396728516,18.706666946411133,18.706666946411133,105444000,4
2017-02-14,18.601999282836914,19.159332275390625,18.573999404907227,18.73200035095215,18.73200035095215,110178000,4
2017-02-15,18.666667938232422,18.81599998474121,18.429332733154297,18.650667190551758,18.650667190551758,74218500,4
2017-02-16,18.50666618347168,18.666667938232422,17.899999618530273,17.93000030517578,17.93000030517578,106159500,2
2017-02-17,17.719999313354492,18.19266700744629,17.610000610351562,18.148666381835938,18.148666381835938,93856500,4
2017-02-21,18.363332748413086,18.760000228881836,18.267332077026367,18.492666244506836,18.492666244506836,85150500,2
2017-02-22,18.687332153320312,18.89666748046875,18.17333221435547,18.233999252319336,18.233999252319336,131325000,2
2017-02-23,17.600000381469727,17.643999099731445,17.03733253479004,17.06599998474121,17.06599998474121,223728000,4
2017-02-24,16.8439998626709,17.21666717529297,16.68000030517578,17.133333206176758,17.133333206176758,122574000,4
2017-02-27,16.544666290283203,16.55733299255371,16.134000778198242,16.415332794189453,16.415332794189453,171912000,2
2017-02-28,16.279333114624023,16.733333587646484,16.260000228881836,16.666000366210938,16.666000366210938,91171500,0
2017-03-01,16.94533348083496,16.989999771118164,16.607332229614258,16.667999267578125,16.667999267578125,72142500,0
2017-03-02,16.6473331451416,16.885332107543945,16.551332473754883,16.698667526245117,16.698667526245117,50277000,2
2017-03-03,16.715999603271484,16.793333053588867,16.600000381469727,16.771333694458008,16.771333694458008,43791000,4
2017-03-06,16.527332305908203,16.780000686645508,16.500667572021484,16.747333526611328,16.747333526611328,50332500,2
2017-03-07,16.794666290283203,16.926000595092773,16.55466651916504,16.57266616821289,16.57266616821289,51892500,2
2017-03-08,16.46666717529297,16.67133331298828,16.35466766357422,16.45800018310547,16.45800018310547,55878000,4
2017-03-09,16.5086669921875,16.577333450317383,16.200000762939453,16.32666778564453,16.32666778564453,58189500,2
2017-03-10,16.413999557495117,16.433332443237305,16.200000762939453,16.246000289916992,16.246000289916992,45994500,4
2017-03-13,16.321332931518555,16.456666946411133,16.185333251953125,16.411333084106445,16.411333084106445,45339000,4
2017-03-14,16.407333374023438,17.20800018310547,16.40133285522461,17.200000762939453,17.200000762939453,113976000,4
2017-03-15,17.133333206176758,17.399999618530273,16.951332092285156,17.048667907714844,17.048667907714844,79962000,4
2017-03-16,17.49333381652832,17.71666717529297,17.270666122436523,17.469999313354492,17.469999313354492,106983000,4
2017-03-17,17.600000381469727,17.68866729736328,17.413333892822266,17.433332443237305,17.433332443237305,97462500,0
2017-03-20,17.373332977294922,17.636667251586914,17.254667282104492,17.461332321166992,17.461332321166992,54214500,4
2017-03-21,17.52199935913086,17.65333366394043,16.682666778564453,16.711999893188477,16.711999893188477,103629000,2
2017-03-22,16.770666122436523,17.004667282104492,16.700666427612305,17.000667572021484,17.000667572021484,60889500,4
2017-03-23,17.025999069213867,17.17799949645996,16.886667251586914,16.985332489013672,16.985332489013672,49803000,0
2017-03-24,17.046667098999023,17.592666625976562,17.000667572021484,17.54400062561035,17.54400062561035,84709500,2
2017-03-27,17.373332977294922,18.038000106811523,17.316667556762695,18.014667510986328,18.014667510986328,93462000,0
2017-03-28,18.468000411987305,18.711999893188477,18.333332061767578,18.496667861938477,18.496667861938477,119814000,4
2017-03-29,18.555999755859375,18.639999389648438,18.369333267211914,18.492000579833984,18.492000579833984,55143000,4
2017-03-30,18.535999298095703,18.799999237060547,18.480667114257812,18.527999877929688,18.527999877929688,62226000,2
2017-03-31,18.582000732421875,18.64533233642578,18.42133331298828,18.553333282470703,18.553333282470703,49419000,4
2017-04-03,19.126667022705078,19.933332443237305,18.972000122070312,19.90133285522461,19.90133285522461,208329000,2
2017-04-04,19.792667388916016,20.320667266845703,19.635332107543945,20.246667861938477,20.246667861938477,152019000,2
2017-04-05,20.13599967956543,20.325332641601562,19.613332748413086,19.666667938232422,19.666667938232422,118213500,4
2017-04-06,19.79199981689453,20.12933349609375,19.606666564941406,19.913333892822266,19.913333892822266,82809000,2
2017-04-07,19.833332061767578,20.179332733154297,19.809999465942383,20.16933250427246,20.16933250427246,68694000,2
2017-04-10,20.610000610351562,20.915332794189453,20.58066749572754,20.826000213623047,20.826000213623047,114967500,4
2017-04-11,20.892000198364258,20.898000717163086,20.366666793823242,20.58066749572754,20.58066749572754,85869000,2
2017-04-12,20.422666549682617,20.56333351135254,19.754667282104492,19.78933334350586,19.78933334350586,90760500,2
2017-04-13,19.780000686645508,20.492666244506836,19.68666648864746,20.266666412353516,20.266666412353516,139269000,2
2017-04-17,20.18000030517578,20.266666412353516,19.91200065612793,20.09600067138672,20.09600067138672,62080500,0
2017-04-18,19.979999542236328,20.055999755859375,19.860000610351562,20.016666412353516,20.016666412353516,45535500,4
2017-04-19,20.163999557495117,20.441333770751953,20.140666961669922,20.368000030517578,20.368000030517578,58470000,0
2017-04-20,20.43400001525879,20.610000610351562,20.01533317565918,20.167333602905273,20.167333602905273,92241000,2
2017-04-21,20.133333206176758,20.426666259765625,20.027999877929688,20.373332977294922,20.373332977294922,67647000,0
2017-04-24,20.614667892456055,20.703332901000977,20.40133285522461,20.53533363342285,20.53533363342285,76252500,4
2017-04-25,20.53333282470703,20.93199920654297,20.390666961669922,20.91933250427246,20.91933250427246,101065500,4
2017-04-26,20.82466697692871,20.96666717529297,20.600000381469727,20.67799949645996,20.67799949645996,70425000,2
2017-04-27,20.779333114624023,20.87266731262207,20.5,20.575332641601562,20.575332641601562,52029000,4
2017-04-28,20.655332565307617,20.98666763305664,20.53333282470703,20.937999725341797,20.937999725341797,67582500,0
2017-05-01,20.992000579833984,21.816667556762695,20.987333297729492,21.52199935913086,21.52199935913086,132444000,2
2017-05-02,21.600000381469727,21.8439998626709,21.104000091552734,21.25933265686035,21.25933265686035,80742000,4
2017-05-03,21.17799949645996,21.435333251953125,20.696666717529297,20.73466682434082,20.73466682434082,107001000,4
2017-05-04,20.496000289916992,20.51799964904785,19.384000778198242,19.69733238220215,19.69733238220215,212280000,4
2017-05-05,19.866666793823242,20.56999969482422,19.786666870117188,20.55666732788086,20.55666732788086,122659500,4
2017-05-08,20.726667404174805,20.91933250427246,20.38800048828125,20.479333877563477,20.479333877563477,105097500,0
2017-05-09,20.625333786010742,21.465999603271484,20.606666564941406,21.417333602905273,21.417333602905273,145147500,4
2017-05-10,21.437332153320312,21.700000762939453,21.20800018310547,21.681333541870117,21.681333541870117,86124000,4
2017-05-11,21.559999465942383,21.733333587646484,21.30666732788086,21.540000915527344,21.540000915527344,71307000,4
2017-05-12,21.698667526245117,21.799999237060547,21.435333251953125,21.65399932861328,21.65399932861328,61824000,4
2017-05-15,21.225332260131836,21.34666633605957,20.8353328704834,21.058666229248047,21.058666229248047,114330000,2
2017-05-16,21.172666549682617,21.33733367919922,21.00933265686035,21.134000778198242,21.134000778198242,62287500,4
2017-05-17,20.959333419799805,20.975332260131836,20.366666793823242,20.407333374023438,20.407333374023438,100678500,4
2017-05-18,20.46666717529297,20.929332733154297,20.354000091552734,20.87066650390625,20.87066650390625,84807000,4
2017-05-19,21.03333282470703,21.100000381469727,20.68000030517578,20.722000122070312,20.722000122070312,70314000,2
2017-05-22,20.85333251953125,20.95800018310547,20.453332901000977,20.690000534057617,20.690000534057617,64938000,4
2017-05-23,20.69733238220215,20.715333938598633,20.23200035095215,20.257333755493164,20.257333755493164,64776000,2
2017-05-24,20.43400001525879,20.733333587646484,20.360000610351562,20.681333541870117,20.681333541870117,75499500,0
2017-05-25,20.73466682434082,21.131332397460938,20.520666122436523,21.121999740600586,21.121999740600586,75210000,4
2017-05-26,21.152000427246094,21.69933319091797,21.08733367919922,21.676000595092773,21.676000595092773,117033000,2
2017-05-30,21.733333587646484,22.41866683959961,21.71733283996582,22.34000015258789,22.34000015258789,116743500,2
2017-05-31,22.512666702270508,22.859333038330078,22.3439998626709,22.733999252319336,22.733999252319336,149451000,2
2017-06-01,22.933332443237305,22.992000579833984,22.486000061035156,22.691333770751953,22.691333770751953,114120000,0
2017-06-02,22.65133285522461,22.858667373657227,22.39533233642578,22.656667709350586,22.656667709350586,83853000,0
2017-06-05,22.566667556762695,23.229333877563477,22.28066635131836,23.154666900634766,23.154666900634766,101766000,4
2017-06-06,22.979999542236328,23.965999603271484,22.6646671295166,23.523332595825195,23.523332595825195,166302000,2
2017-06-07,23.756000518798828,24.03333282470703,23.676000595092773,23.976667404174805,23.976667404174805,140970000,4
2017-06-08,24.25,24.793333053588867,24.014667510986328,24.666667938232422,24.666667938232422,135922500,4
2017-06-09,24.961332321166992,25.124666213989258,23.65333366394043,23.821332931518555,23.821332931518555,258921000,2
2017-06-12,23.865999221801758,24.299999237060547,23.374666213989258,23.93400001525879,23.93400001525879,157765500,4
2017-06-13,24.507999420166016,25.066667556762695,24.44066619873047,25.06333351135254,25.06333351135254,177118500,4
2017-06-14,25.4060001373291,25.616666793823242,25.08733367919922,25.37733268737793,25.37733268737793,192276000,2
2017-06-15,24.833332061767578,25.03066635131836,24.432666778564453,25.022666931152344,25.022666931152344,156397500,4
2017-06-16,25.198667526245117,25.200666427612305,24.67333221435547,24.760000228881836,24.760000228881836,100965000,4
2017-06-19,25.0,25.113332748413086,24.520000457763672,24.65333366394043,24.65333366394043,98239500,4
2017-06-20,25.1113338470459,25.2586669921875,24.648666381835938,24.81599998474121,24.81599998474121,111580500,2
2017-06-21,24.956666946411133,25.132667541503906,24.534666061401367,25.093332290649414,25.093332290649414,73848000,2
2017-06-22,25.19933319091797,25.666667938232422,24.904666900634766,25.507333755493164,25.507333755493164,112947000,2
2017-06-23,25.496667861938477,25.799333572387695,25.290000915527344,25.56333351135254,25.56333351135254,96687000,4
2017-06-26,25.779333114624023,25.796667098999023,24.873332977294922,25.166000366210938,25.166000366210938,99061500,1
2017-06-27,25.093332290649414,25.093332290649414,24.134666442871094,24.158000946044922,24.158000946044922,104946000,2
2017-06-28,24.44533348083496,24.78266716003418,24.167999267578125,24.749332427978516,24.749332427978516,94537500,0
2017-06-29,24.707332611083984,24.733333587646484,23.606666564941406,24.049999237060547,24.049999237060547,123315000,2
2017-06-30,24.247333526611328,24.451332092285156,23.974666595458984,24.107332229614258,24.107332229614258,87727500,2
2017-07-03,24.682666778564453,24.75666618347168,23.433332443237305,23.507999420166016,23.507999420166016,94581000,4
2017-07-05,23.14666748046875,23.14933204650879,21.755332946777344,21.805999755859375,21.805999755859375,255700500,2
2017-07-06,21.150667190551758,21.38599967956543,20.420000076293945,20.588666915893555,20.588666915893555,289867500,2
2017-07-07,20.899999618530273,21.133333206176758,20.492000579833984,20.881332397460938,20.881332397460938,212653500,4
2017-07-10,20.860000610351562,21.195999145507812,20.208667755126953,21.06999969482422,21.06999969482422,207313500,2
2017-07-11,21.066667556762695,21.818666458129883,20.953332901000977,21.814666748046875,21.814666748046875,173391000,4
2017-07-12,22.02666664123535,22.206666946411133,21.633333206176758,21.968000411987305,21.968000411987305,155191500,4
2017-07-13,22.007333755493164,22.106666564941406,21.33133316040039,21.560667037963867,21.560667037963867,128917500,2
2017-07-14,21.54599952697754,21.89466667175293,21.4146671295166,21.851999282836914,21.851999282836914,84378000,4
2017-07-17,21.702667236328125,21.80666732788086,20.89666748046875,21.30466651916504,21.30466651916504,148153500,0
2017-07-18,21.166667938232422,21.941999435424805,21.04400062561035,21.882667541503906,21.882667541503906,95605500,4
2017-07-19,21.881999969482422,22.110000610351562,21.54800033569336,21.68400001525879,21.68400001525879,95355000,4
2017-07-20,21.793333053588867,22.014667510986328,21.613332748413086,21.994667053222656,21.994667053222656,77493000,4
2017-07-21,21.964000701904297,22.083999633789062,21.719999313354492,21.893333435058594,21.893333435058594,73524000,2
2017-07-24,22.016000747680664,22.893333435058594,22.000667572021484,22.834667205810547,22.834667205810547,129556500,4
2017-07-25,23.0,23.040000915527344,22.27666664123535,22.639999389648438,22.639999389648438,104838000,4
2017-07-26,22.69066619873047,23.03333282470703,22.541332244873047,22.92333221435547,22.92333221435547,72312000,0
2017-07-27,23.066667556762695,23.166667938232422,21.752666473388672,22.297332763671875,22.297332763671875,124536000,2
2017-07-28,22.459333419799805,22.639999389648438,22.167333602905273,22.33799934387207,22.33799934387207,73206000,4
2017-07-31,22.366666793823242,22.766000747680664,21.402666091918945,21.564666748046875,21.564666748046875,128026500,0
2017-08-01,21.53333282470703,21.6299991607666,21.075332641601562,21.30466651916504,21.30466651916504,124546500,4
2017-08-02,21.262666702270508,21.808000564575195,20.74799919128418,21.72599983215332,21.72599983215332,196372500,4
2017-08-03,23.02199935913086,23.333332061767578,22.876667022705078,23.139333724975586,23.139333724975586,203025000,0
2017-08-04,23.133333206176758,23.81800079345703,22.886667251586914,23.79400062561035,23.79400062561035,139033500,4
2017-08-07,23.823333740234375,23.965333938598633,23.516666412353516,23.67799949645996,23.67799949645996,94867500,2
2017-08-08,23.8353328704834,24.57200050354004,23.82666778564453,24.347999572753906,24.347999572753906,111747000,0
2017-08-09,24.066667556762695,24.666667938232422,23.93000030517578,24.235332489013672,24.235332489013672,103381500,2
2017-08-10,24.106666564941406,24.44333267211914,23.643999099731445,23.69333267211914,23.69333267211914,106393500,0
2017-08-11,23.79800033569336,24.083999633789062,23.57466697692871,23.857999801635742,23.857999801635742,65487000,0
2017-08-14,24.308666229248047,24.51066780090332,24.17333221435547,24.253332138061523,24.253332138061523,67788000,2
2017-08-15,24.34666633605957,24.365999221801758,23.95800018310547,24.155332565307617,24.155332565307617,46276500,2
2017-08-16,24.200000762939453,24.433332443237305,24.167999267578125,24.194000244140625,24.194000244140625,51207000,2
2017-08-17,24.08066749572754,24.219999313354492,23.439332962036133,23.461332321166992,23.461332321166992,75415500,2
2017-08-18,23.527332305908203,23.600000381469727,23.053333282470703,23.163999557495117,23.163999557495117,81123000,4
2017-08-21,23.05466651916504,23.05466651916504,22.123332977294922,22.52400016784668,22.52400016784668,97431000,4
2017-08-22,22.742000579833984,22.81599998474121,22.4913330078125,22.75666618347168,22.75666618347168,64830000,0
2017-08-23,22.599332809448242,23.56599998474121,22.553333282470703,23.51799964904785,23.51799964904785,74317500,4
2017-08-24,23.501333236694336,23.777332305908203,23.31599998474121,23.528667449951172,23.528667449951172,68770500,2
2017-08-25,23.615999221801758,23.71266746520996,23.15333366394043,23.203332901000977,23.203332901000977,52260000,2
2017-08-28,23.152000427246094,23.156667709350586,22.648000717163086,23.04400062561035,23.04400062561035,56460000,4
2017-08-29,22.631999969482422,23.270000457763672,22.583332061767578,23.157333374023438,23.157333374023438,61105500,2
2017-08-30,23.31133270263672,23.564666748046875,23.133333206176758,23.545333862304688,23.545333862304688,51193500,2
2017-08-31,23.56999969482422,23.895999908447266,23.521333694458008,23.726667404174805,23.726667404174805,61092000,0
2017-09-01,23.7413330078125,23.839332580566406,23.57933235168457,23.69333267211914,23.69333267211914,45742500,4
2017-09-05,23.586666107177734,23.69933319091797,23.05933380126953,23.305999755859375,23.305999755859375,57526500,2
2017-09-06,23.299999237060547,23.398666381835938,22.770666122436523,22.968666076660156,22.968666076660156,61371000,4
2017-09-07,23.065332412719727,23.498666763305664,22.89666748046875,23.374000549316406,23.374000549316406,63588000,4
2017-09-08,23.266000747680664,23.318666458129883,22.81999969482422,22.893333435058594,22.893333435058594,48952500,2
2017-09-11,23.42333221435547,24.247333526611328,23.333332061767578,24.246000289916992,24.246000289916992,115006500,2
2017-09-12,24.299333572387695,24.583999633789062,24.02666664123535,24.183332443237305,24.183332443237305,89593500,0
2017-09-13,24.254667282104492,24.538000106811523,23.972667694091797,24.415332794189453,24.415332794189453,62778000,4
2017-09-14,24.288667678833008,25.19733238220215,24.17533302307129,25.176000595092773,25.176000595092773,108037500,4
2017-09-15,24.96733283996582,25.333332061767578,24.84666633605957,25.320667266845703,25.320667266845703,81307500,2
2017-09-18,25.350000381469727,25.974000930786133,25.178667068481445,25.666667938232422,25.666667938232422,107820000,2
2017-09-19,25.333332061767578,25.492666244506836,24.904666900634766,25.00666618347168,25.00666618347168,96778500,0
2017-09-20,24.866666793823242,25.21666717529297,24.738000869750977,24.92733383178711,24.92733383178711,73786500,0
2017-09-21,24.99333381652832,25.121999740600586,24.30066680908203,24.43199920654297,24.43199920654297,69273000,2
2017-09-22,24.432666778564453,24.65999984741211,23.392000198364258,23.4060001373291,23.4060001373291,122391000,4
2017-09-25,23.543333053588867,23.83133316040039,22.858667373657227,22.999332427978516,22.999332427978516,114088500,2
2017-09-26,23.39533233642578,23.416000366210938,22.726667404174805,23.016666412353516,23.016666412353516,107344500,2
2017-09-27,23.32666778564453,23.432666778564453,22.700000762939453,22.731332778930664,22.731332778930664,90904500,4
2017-09-28,22.658666610717773,22.850000381469727,22.360000610351562,22.639999389648438,22.639999389648438,79794000,2
2017-09-29,22.790666580200195,22.978666305541992,22.573333740234375,22.739999771118164,22.739999771118164,76606500,2
2017-10-02,22.834667205810547,22.913333892822266,22.367332458496094,22.768667221069336,22.768667221069336,79302000,0
2017-10-03,22.393333435058594,23.23666763305664,22.0853328704834,23.209333419799805,23.209333419799805,152304000,4
2017-10-04,23.416667938232422,23.908000946044922,23.30666732788086,23.667333602905273,23.667333602905273,122452500,2
2017-10-05,23.733333587646484,23.82933235168457,23.42333221435547,23.68866729736328,23.68866729736328,62575500,4
2017-10-06,23.540000915527344,24.00666618347168,23.483333587646484,23.79199981689453,23.79199981689453,64462500,4
2017-10-09,23.309999465942383,23.450000762939453,22.844667434692383,22.862667083740234,22.862667083740234,112405500,2
2017-10-10,23.1200008392334,23.708667755126953,23.03533363342285,23.70599937438965,23.70599937438965,104677500,4
2017-10-11,23.592666625976562,23.84000015258789,23.40999984741211,23.639999389648438,23.639999389648438,67512000,2
2017-10-12,23.530000686645508,23.985332489013672,23.50933265686035,23.711999893188477,23.711999893188477,61305000,0
2017-10-13,23.798667907714844,23.89933204650879,23.57866668701172,23.704666137695312,23.704666137695312,53107500,4
2017-10-16,23.583999633789062,23.631999969482422,23.143999099731445,23.373332977294922,23.373332977294922,80632500,4
2017-10-17,23.393999099731445,23.74799919128418,23.33799934387207,23.71666717529297,23.71666717529297,49399500,2
2017-10-18,23.731332778930664,24.200000762939453,23.608667373657227,23.976667404174805,23.976667404174805,74086500,2
2017-10-19,23.70400047302246,23.809999465942383,23.213333129882812,23.45400047302246,23.45400047302246,75927000,0
2017-10-20,23.512666702270508,23.636667251586914,22.95599937438965,23.00666618347168,23.00666618347168,73956000,2
2017-10-23,23.325332641601562,23.329999923706055,22.416667938232422,22.468000411987305,22.468000411987305,86209500,4
2017-10-24,22.586666107177734,22.85333251953125,22.410667419433594,22.48933219909668,22.48933219909668,67375500,1
2017-10-25,22.446666717529297,22.5,21.570667266845703,21.722667694091797,21.722667694091797,128911500,4
2017-10-26,21.851999282836914,22.01533317565918,21.546667098999023,21.744667053222656,21.744667053222656,75352500,2
2017-10-27,21.316667556762695,21.639333724975586,21.110666275024414,21.391332626342773,21.391332626342773,104695500,0
2017-10-30,21.278667449951172,21.5853328704834,21.149999618530273,21.338666915893555,21.338666915893555,63816000,2
2017-10-31,21.34866714477539,22.1299991607666,21.345333099365234,22.101999282836914,22.101999282836914,85084500,2
2017-11-01,22.149999618530273,22.173999786376953,21.35066795349121,21.405332565307617,21.405332565307617,126859500,2
2017-11-02,20.0086669921875,20.57933235168457,19.5086669921875,19.950666427612305,19.950666427612305,296871000,0
2017-11-03,19.96666717529297,20.416667938232422,19.67533302307129,20.4060001373291,20.4060001373291,133410000,4
2017-11-06,20.46666717529297,20.5,19.93400001525879,20.185333251953125,20.185333251953125,97290000,4
2017-11-07,20.06800079345703,20.433332443237305,20.00200080871582,20.40333366394043,20.40333366394043,79414500,0
2017-11-08,20.366666793823242,20.459333419799805,20.086666107177734,20.292667388916016,20.292667388916016,70879500,2
2017-11-09,20.166667938232422,20.297332763671875,19.753332138061523,20.19933319091797,20.19933319091797,81706500,4
2017-11-10,20.166667938232422,20.55733299255371,20.123332977294922,20.19933319091797,20.19933319091797,69381000,2
2017-11-13,20.0086669921875,21.1200008392334,19.94066619873047,21.02666664123535,21.02666664123535,113773500,0
2017-11-14,21.0,21.09000015258789,20.459999084472656,20.579999923706055,20.579999923706055,85141500,0
2017-11-15,20.400667190551758,20.832666397094727,20.100000381469727,20.753332138061523,20.753332138061523,89680500,2
2017-11-16,20.932666778564453,21.209333419799805,20.753332138061523,20.833332061767578,20.833332061767578,87331500,2
2017-11-17,21.711332321166992,21.777999877929688,20.876667022705078,21.003332138061523,21.003332138061523,206026500,2
2017-11-20,20.91933250427246,21.03333282470703,20.316667556762695,20.582666397094727,20.582666397094727,123715500,2
2017-11-21,20.724000930786133,21.215333938598633,20.58066749572754,21.187332153320312,21.187332153320312,108919500,2
2017-11-22,21.118000030517578,21.161333084106445,20.78933334350586,20.84000015258789,20.84000015258789,73764000,2
2017-11-24,20.91933250427246,21.0939998626709,20.733333587646484,21.036666870117188,21.036666870117188,48661500,0
2017-11-27,20.883333206176758,21.1560001373291,20.634000778198242,21.12066650390625,21.12066650390625,68338500,2
2017-11-28,21.090667724609375,21.333332061767578,20.92799949645996,21.170000076293945,21.170000076293945,74242500,2
2017-11-29,21.15333366394043,21.200000762939453,20.082000732421875,20.502666473388672,20.502666473388672,131511000,2
2017-11-30,20.570667266845703,20.713333129882812,20.30266761779785,20.59000015258789,20.59000015258789,65274000,4
2017-12-01,20.362667083740234,20.687999725341797,20.336666107177734,20.435333251953125,20.435333251953125,64393500,0
2017-12-04,20.433332443237305,20.551332473754883,20.040666580200195,20.34666633605957,20.34666633605957,87526500,2
2017-12-05,20.133333206176758,20.53333282470703,20.066667556762695,20.246667861938477,20.246667861938477,69697500,2
2017-12-06,20.00666618347168,20.892667770385742,20.0,20.884000778198242,20.884000778198242,107929500,0
2017-12-07,20.799999237060547,21.242000579833984,20.73666763305664,20.749332427978516,20.749332427978516,71709000,1
2017-12-08,20.97333335876465,21.131999969482422,20.750667572021484,21.0086669921875,21.0086669921875,52027500,0
2017-12-11,20.975332260131836,21.93400001525879,20.916667938232422,21.92733383178711,21.92733383178711,119070000,4
2017-12-12,22.030000686645508,22.762666702270508,22.00200080871582,22.735332489013672,22.735332489013672,130998000,2
2017-12-13,22.728666305541992,22.947999954223633,22.433332443237305,22.601999282836914,22.601999282836914,93322500,4
2017-12-14,22.733999252319336,23.16266632080078,22.459999084472656,22.525999069213867,22.525999069213867,86998500,2
2017-12-15,22.80266761779785,22.926666259765625,22.384000778198242,22.89666748046875,22.89666748046875,103998000,4
2017-12-18,22.99333381652832,23.115333557128906,22.505332946777344,22.591333389282227,22.591333389282227,82143000,4
2017-12-19,22.68400001525879,22.766000747680664,22.020000457763672,22.073333740234375,22.073333740234375,102375000,2
2017-12-20,22.179332733154297,22.206666946411133,21.66933250427246,21.93199920654297,21.93199920654297,89307000,4
2017-12-21,21.972667694091797,22.249332427978516,21.81399917602539,22.110666275024414,22.110666275024414,65778000,4
2017-12-22,21.96733283996582,22.06133270263672,21.654666900634766,21.68000030517578,21.68000030517578,63237000,4
2017-12-26,21.588666915893555,21.59600067138672,21.10533332824707,21.152666091918945,21.152666091918945,65676000,2
2017-12-27,21.066667556762695,21.178667068481445,20.71666717529297,20.775999069213867,20.775999069213867,70681500,2
2017-12-28,20.78333282470703,21.05466651916504,20.63599967956543,21.02400016784668,21.02400016784668,64744500,2
2017-12-29,21.07866668701172,21.0939998626709,20.666667938232422,20.75666618347168,20.75666618347168,56658000,0
2018-01-02,20.799999237060547,21.474000930786133,20.733333587646484,21.368667602539062,21.368667602539062,65283000,2
2018-01-03,21.399999618530273,21.683332443237305,21.036666870117188,21.149999618530273,21.149999618530273,67822500,4
2018-01-04,20.857999801635742,21.23666763305664,20.3786678314209,20.974666595458984,20.974666595458984,149194500,4
2018-01-05,21.107999801635742,21.14933204650879,20.799999237060547,21.10533332824707,21.10533332824707,68868000,4
2018-01-08,21.066667556762695,22.468000411987305,21.03333282470703,22.42733383178711,22.42733383178711,147891000,4
2018-01-09,22.3439998626709,22.586666107177734,21.82666778564453,22.246000289916992,22.246000289916992,107199000,0
2018-01-10,22.14666748046875,22.46666717529297,22.0,22.31999969482422,22.31999969482422,64648500,4
2018-01-11,22.349332809448242,22.987333297729492,22.21733283996582,22.530000686645508,22.530000686645508,99682500,0
2018-01-12,22.575332641601562,22.694000244140625,22.244667053222656,22.4146671295166,22.4146671295166,72376500,2
2018-01-16,22.502666473388672,23.0,22.31999969482422,22.67066764831543,22.67066764831543,97114500,4
2018-01-17,22.697999954223633,23.266666412353516,22.649999618530273,23.143999099731445,23.143999099731445,106552500,4
2018-01-18,23.044666290283203,23.48666763305664,22.916000366210938,22.971332550048828,22.971332550048828,85287000,4
2018-01-19,23.0,23.37266731262207,22.84000015258789,23.334667205810547,23.334667205810547,73324500,2
2018-01-22,23.293333053588867,23.85533332824707,23.280000686645508,23.437332153320312,23.437332153320312,93156000,0
2018-01-23,24.0,24.03333282470703,23.399999618530273,23.519332885742188,23.519332885742188,81981000,0
2018-01-24,23.6386661529541,23.649999618530273,22.90133285522461,23.05933380126953,23.05933380126953,79312500,2
2018-01-25,23.218000411987305,23.280000686645508,22.426666259765625,22.50933265686035,22.50933265686035,101104500,4
2018-01-26,22.766666412353516,22.933332443237305,22.380666732788086,22.856666564941406,22.856666564941406,68091000,4
2018-01-29,22.656667709350586,23.389999389648438,22.552000045776367,23.302000045776367,23.302000045776367,71206500,4
2018-01-30,23.00933265686035,23.218000411987305,22.81133270263672,23.05466651916504,23.05466651916504,70765500,4
2018-01-31,23.167333602905273,23.746000289916992,23.012666702270508,23.62066650390625,23.62066650390625,93211500,4
2018-02-01,23.399999618530273,23.977333068847656,23.242000579833984,23.28333282470703,23.28333282470703,62965500,0
2018-02-02,23.229333877563477,23.463333129882812,22.700666427612305,22.916667938232422,22.916667938232422,55572000,0
2018-02-05,22.531333923339844,22.96466636657715,22.200000762939453,22.208667755126953,22.208667755126953,66961500,4
2018-02-06,21.680667877197266,22.4146671295166,21.566667556762695,22.264667510986328,22.264667510986328,76326000,2
2018-02-07,22.599332809448242,23.066667556762695,22.37733268737793,23.0,23.0,104538000,0
2018-02-08,22.887332916259766,23.2413330078125,20.97333335876465,21.01533317565918,21.01533317565918,154719000,2
2018-02-09,21.32866668701172,21.398666381835938,19.650667190551758,20.69466781616211,20.69466781616211,194005500,2
2018-02-12,21.075332641601562,21.205333709716797,20.416667938232422,21.048667907714844,21.048667907714844,93417000,0
2018-02-13,21.001333236694336,21.612667083740234,20.833999633789062,21.577333450317383,21.577333450317383,68403000,4
2018-02-14,21.389333724975586,21.744667053222656,21.23466682434082,21.487333297729492,21.487333297729492,59260500,2
2018-02-15,21.633333206176758,22.274667739868164,21.49333381652832,22.271333694458008,22.271333694458008,88693500,0
2018-02-16,22.166667938232422,22.874666213989258,22.109333038330078,22.365999221801758,22.365999221801758,84639000,2
2018-02-20,22.29800033569336,22.722667694091797,22.100000381469727,22.31800079345703,22.31800079345703,60141000,2
2018-02-21,22.402000427246094,22.645999908447266,22.211332321166992,22.219999313354492,22.219999313354492,48294000,2
2018-02-22,22.368667602539062,23.16266632080078,22.316667556762695,23.077999114990234,23.077999114990234,104547000,4
2018-02-23,23.18866729736328,23.666000366210938,23.139999389648438,23.469999313354492,23.469999313354492,87261000,4
2018-02-26,23.566667556762695,23.933332443237305,23.49066734313965,23.827999114990234,23.827999114990234,65100000,4
2018-02-27,23.75,23.999332427978516,23.333999633789062,23.39933204650879,23.39933204650879,71961000,4
2018-02-28,23.504667282104492,23.682666778564453,22.814666748046875,22.87066650390625,22.87066650390625,91045500,0
2018-03-01,23.000667572021484,23.244667053222656,22.004667282104492,22.062000274658203,22.062000274658203,103284000,2
2018-03-02,21.798667907714844,22.347999572753906,21.531333923339844,22.341333389282227,22.341333389282227,76392000,2
2018-03-05,22.159332275390625,22.516666412353516,21.952667236328125,22.22333335876465,22.22333335876465,57357000,4
2018-03-06,22.25,22.424667358398438,21.802000045776367,21.8799991607666,21.8799991607666,64285500,0
2018-03-07,21.695999145507812,22.166667938232422,21.44933319091797,22.15333366394043,22.15333366394043,75109500,4
2018-03-08,22.19066619873047,22.219999313354492,21.751333236694336,21.940000534057617,21.940000534057617,53493000,4
2018-03-09,21.606666564941406,21.89933204650879,21.4913330078125,21.81133270263672,21.81133270263672,82602000,2
2018-03-12,21.907333374023438,23.1473331451416,21.766666412353516,23.034000396728516,23.034000396728516,123960000,0
2018-03-13,21.907333374023438,23.1473331451416,21.766666412353516,22.78933334350586,22.78933334350586,89487000,4
2018-03-14,22.450666427612305,22.65399932861328,21.595333099365234,21.775333404541016,21.775333404541016,119511000,4
2018-03-15,21.958667755126953,22.190000534057617,21.406667709350586,21.706666946411133,21.706666946411133,98472000,2
2018-03-16,21.528667449951172,21.82666778564453,21.271333694458008,21.42333221435547,21.42333221435547,91759500,0
2018-03-19,21.100000381469727,21.383333206176758,20.64466667175293,20.90399932861328,20.90399932861328,112264500,2
2018-03-20,20.9913330078125,21.083332061767578,20.583999633789062,20.703332901000977,20.703332901000977,71464500,4
2018-03-21,20.683332443237305,21.496000289916992,20.679332733154297,21.101999282836914,21.101999282836914,89376000,2
2018-03-22,20.926000595092773,21.254667282104492,20.545333862304688,20.606666564941406,20.606666564941406,74097000,2
2018-03-23,20.75,20.75,20.030000686645508,20.1026668548584,20.1026668548584,99823500,0
2018-03-26,20.48933219909668,20.506000518798828,19.423999786376953,20.278667449951172,20.278667449951172,125628000,2
2018-03-27,20.266666412353516,20.284666061401367,18.478666305541992,18.61199951171875,18.61199951171875,208080000,0
2018-03-28,17.6386661529541,17.91200065612793,16.80666732788086,17.185333251953125,17.185333251953125,315021000,2
2018-03-29,17.099332809448242,18.06399917602539,16.547332763671875,17.742000579833984,17.742000579833984,227560500,2
2018-04-02,17.083999633789062,17.35533332824707,16.305999755859375,16.832000732421875,16.832000732421875,241710000,0
2018-04-03,17.988000869750977,18.22333335876465,16.965999603271484,17.8353328704834,17.8353328704834,282666000,2
2018-04-04,16.851999282836914,19.224666595458984,16.799999237060547,19.12933349609375,19.12933349609375,298450500,0
2018-04-05,19.28933334350586,20.417333602905273,19.213333129882812,20.381332397460938,20.381332397460938,286816500,4
2018-04-06,20.066667556762695,20.618667602539062,19.700000762939453,19.953332901000977,19.953332901000977,202804500,2
2018-04-09,20.024667739868164,20.633333206176758,19.28066635131836,19.310667037963867,19.310667037963867,153747000,2
2018-04-10,19.931333541870117,20.47333335876465,19.57866668701172,20.31333351135254,20.31333351135254,164847000,4
2018-04-11,20.049333572387695,20.59866714477539,19.977333068847656,20.062000274658203,20.062000274658203,112243500,0
2018-04-12,20.154666900634766,20.26333236694336,19.57866668701172,19.60533332824707,19.60533332824707,114132000,0
2018-04-13,20.239999771118164,20.26333236694336,19.73200035095215,20.022666931152344,20.022666931152344,109908000,0
2018-04-16,19.933332443237305,19.977333068847656,19.267332077026367,19.413999557495117,19.413999557495117,95077500,2
2018-04-17,19.257999420166016,19.47800064086914,18.833999633789062,19.179332733154297,19.179332733154297,105000000,2
2018-04-18,19.405332565307617,20.016000747680664,19.21066665649414,19.55666732788086,19.55666732788086,98365500,2
2018-04-19,19.405332565307617,20.067333221435547,19.23666763305664,20.005332946777344,20.005332946777344,91359000,2
2018-04-20,19.67799949645996,19.998666763305664,19.316667556762695,19.349332809448242,19.349332809448242,84418500,2
2018-04-23,19.41933250427246,19.441333770751953,18.82200050354004,18.891332626342773,18.891332626342773,73401000,4
2018-04-24,19.0,19.139333724975586,18.56399917602539,18.8973331451416,18.8973331451416,85279500,0
2018-04-25,18.899999618530273,19.01066780090332,18.483333587646484,18.71266746520996,18.71266746520996,60204000,2
2018-04-26,18.583332061767578,19.05266761779785,18.433332443237305,19.031999588012695,19.031999588012695,65340000,4
2018-04-27,19.024667739868164,19.631332397460938,18.922000885009766,19.60533332824707,19.60533332824707,65469000,4
2018-04-30,19.573999404907227,19.915332794189453,19.5,19.593332290649414,19.593332290649414,63423000,0
2018-05-01,19.567333221435547,20.05466651916504,19.54800033569336,19.994667053222656,19.994667053222656,69384000,2
2018-05-02,19.904666900634766,20.456666946411133,19.851999282836914,20.07666778564453,20.07666778564453,134556000,2
2018-05-03,18.586000442504883,19.202667236328125,18.34866714477539,18.963333129882812,18.963333129882812,260281500,2
2018-05-04,18.866666793823242,19.790666580200195,18.634666442871094,19.606000900268555,19.606000900268555,128541000,4
2018-05-07,19.833332061767578,20.3973331451416,19.67799949645996,20.184667587280273,20.184667587280273,130173000,4
2018-05-08,20.053333282470703,20.516666412353516,19.933332443237305,20.131332397460938,20.131332397460938,88950000,4
2018-05-09,20.027332305908203,20.46733283996582,20.003332138061523,20.456666946411133,20.456666946411133,85911000,0
2018-05-10,20.5,20.865999221801758,20.27400016784668,20.334667205810547,20.334667205810547,84774000,2
2018-05-11,20.51333236694336,20.591999053955078,19.93866729736328,20.070667266845703,20.070667266845703,70194000,2
2018-05-14,20.221332550048828,20.32933235168457,19.441333770751953,19.46466636657715,19.46466636657715,109302000,2
2018-05-15,19.000667572021484,19.130666732788086,18.700000762939453,18.94533348083496,18.94533348083496,142788000,4
2018-05-16,18.922000885009766,19.253999710083008,18.770666122436523,19.09866714477539,19.09866714477539,85110000,4
2018-05-17,19.059999465942383,19.279333114624023,18.931333541870117,18.96933364868164,18.96933364868164,66309000,2
2018-05-18,18.976667404174805,18.976667404174805,18.266666412353516,18.454666137695312,18.454666137695312,108778500,2
2018-05-21,18.755332946777344,19.432666778564453,18.753332138061523,18.965999603271484,18.965999603271484,137739000,0
2018-05-22,19.18400001525879,19.200000762939453,18.22800064086914,18.333999633789062,18.333999633789062,134187000,2
2018-05-23,18.517332077026367,18.660667419433594,18.266666412353516,18.60466766357422,18.60466766357422,89776500,4
2018-05-24,18.559999465942383,18.74066734313965,18.326000213623047,18.523332595825195,18.523332595825195,62650500,2
2018-05-25,18.5086669921875,18.642667770385742,18.374000549316406,18.59000015258789,18.59000015258789,58126500,0
2018-05-29,18.567333221435547,19.100000381469727,18.40999984741211,18.917333602905273,18.917333602905273,84999000,2
2018-05-30,18.88599967956543,19.667333602905273,18.773332595825195,19.447999954223633,19.447999954223633,112345500,4
2018-05-31,19.1473331451416,19.357999801635742,18.86199951171875,18.98200035095215,18.98200035095215,88795500,2
2018-06-01,19.05733299255371,19.463333129882812,18.922666549682617,19.454666137695312,19.454666137695312,81366000,4
2018-06-04,19.62266731262207,19.933332443237305,19.56999969482422,19.78266716003418,19.78266716003418,71967000,0
2018-06-05,19.84666633605957,19.85333251953125,19.115999221801758,19.408666610717773,19.408666610717773,89928000,2
2018-06-06,20.03333282470703,21.47800064086914,19.832000732421875,21.299999237060547,21.299999237060547,281509500,2
2018-06-07,21.07666778564453,22.0,20.905332565307617,21.07266616821289,21.07266616821289,215179500,3
2018-06-08,21.266666412353516,21.631999969482422,21.143333435058594,21.17733383178711,21.17733383178711,123078000,4
2018-06-11,21.500667572021484,22.310667037963867,21.5,22.139999389648438,22.139999389648438,197752500,0
2018-06-12,22.979999542236328,23.6646671295166,22.53333282470703,22.851333618164062,22.851333618164062,335211000,2
2018-06-13,23.11400032043457,23.14666748046875,22.65333366394043,22.985332489013672,22.985332489013672,142047000,0
2018-06-14,23.17533302307129,23.916667938232422,23.106666564941406,23.847999572753906,23.847999572753906,164715000,4
2018-06-15,23.589332580566406,24.31133270263672,23.416667938232422,23.878000259399414,23.878000259399414,162724500,2
2018-06-18,23.69333267211914,24.915332794189453,23.633333206176758,24.722000122070312,24.722000122070312,181098000,0
2018-06-19,24.3439998626709,24.666667938232422,23.083332061767578,23.503332138061523,23.503332138061523,191428500,0
2018-06-20,23.869333267211914,24.29199981689453,23.46666717529297,24.148000717163086,24.148000717163086,125755500,0
2018-06-21,24.133333206176758,24.413999557495117,23.084667205810547,23.167333602905273,23.167333602905273,119506500,0
2018-06-22,23.43600082397461,23.483333587646484,22.133333206176758,22.242000579833984,22.242000579833984,153991500,2
2018-06-25,22.007999420166016,22.564666748046875,21.833332061767578,22.200666427612305,22.200666427612305,103969500,2
2018-06-26,22.40333366394043,22.90333366394043,21.719999313354492,22.799999237060547,22.799999237060547,111787500,2
2018-06-27,23.0,23.38599967956543,22.633333206176758,22.96666717529297,22.96666717529297,125005500,4
2018-06-28,23.243999481201172,23.801332473754883,23.073999404907227,23.32866668701172,23.32866668701172,125970000,2
2018-06-29,23.55533218383789,23.590667724609375,22.827333450317383,22.863332748413086,22.863332748413086,97386000,0
2018-07-02,24.004667282104492,24.318666458129883,21.989999771118164,22.33799934387207,22.33799934387207,281397000,4
2018-07-03,22.116666793823242,22.166000366210938,20.645999908447266,20.724000930786133,20.724000930786133,184239000,0
2018-07-05,20.917333602905273,20.959333419799805,19.74799919128418,20.610666275024414,20.610666275024414,262146000,2
2018-07-06,20.329999923706055,20.80466651916504,20.133333206176758,20.593332290649414,20.593332290649414,132982500,0
2018-07-09,20.799333572387695,21.23466682434082,20.53333282470703,21.233999252319336,21.233999252319336,113952000,4
2018-07-10,21.637332916259766,21.845333099365234,21.280000686645508,21.49799919128418,21.49799919128418,142072500,4
2018-07-11,21.053333282470703,21.46266746520996,21.004667282104492,21.263999938964844,21.263999938964844,73261500,0
2018-07-12,21.428667068481445,21.548667907714844,20.851333618164062,21.11400032043457,21.11400032043457,85818000,0
2018-07-13,21.038667678833008,21.30533218383789,20.616666793823242,21.257999420166016,21.257999420166016,88047000,0
2018-07-16,20.78066635131836,21.01066780090332,20.416667938232422,20.67333221435547,20.67333221435547,117280500,0
2018-07-17,20.58733367919922,21.64933204650879,20.566667556762695,21.512666702270508,21.512666702270508,104943000,4
2018-07-18,21.666667938232422,21.700000762939453,21.083332061767578,21.59000015258789,21.59000015258789,84363000,0
2018-07-19,21.088666915893555,21.569332122802734,20.93400001525879,21.34866714477539,21.34866714477539,88729500,4
2018-07-20,21.415332794189453,21.549333572387695,20.78066635131836,20.905332565307617,20.905332565307617,77433000,4
2018-07-23,20.12266731262207,20.366666793823242,19.52400016784668,20.213333129882812,20.213333129882812,164893500,2
2018-07-24,20.294666290283203,20.514667510986328,19.503332138061523,19.82866668701172,19.82866668701172,143862000,2
2018-07-25,19.78266716003418,20.641332626342773,19.633333206176758,20.582666397094727,20.582666397094727,106131000,2
2018-07-26,20.323333740234375,20.713333129882812,20.242666244506836,20.44333267211914,20.44333267211914,69457500,0
2018-07-27,20.483333587646484,20.512666702270508,19.689332962036133,19.812000274658203,19.812000274658203,85549500,2
2018-07-30,19.726667404174805,19.739999771118164,19.075332641601562,19.344667434692383,19.344667434692383,102211500,4
2018-07-31,19.483333587646484,19.88800048828125,19.271333694458008,19.875999450683594,19.875999450683594,76153500,0
2018-08-01,19.865999221801758,20.200000762939453,19.53333282470703,20.055999755859375,20.055999755859375,151941000,4
2018-08-02,21.895999908447266,23.332666397094727,21.54400062561035,23.30266761779785,23.30266761779785,348225000,0
2018-08-03,23.187332153320312,23.666667938232422,22.8353328704834,23.211332321166992,23.211332321166992,204847500,2
2018-08-06,23.03066635131836,23.665332794189453,22.788000106811523,22.799333572387695,22.799333572387695,128464500,0
2018-08-07,22.922666549682617,25.83066749572754,22.610000610351562,25.30466651916504,25.30466651916504,463137000,0
2018-08-08,24.606000900268555,25.50933265686035,24.474666595458984,24.689332962036133,24.689332962036133,368568000,2
2018-08-09,24.3700008392334,24.46733283996582,23.048667907714844,23.496667861938477,23.496667861938477,257757000,4
2018-08-10,23.600000381469727,24.0,23.066667556762695,23.69933319091797,23.69933319091797,173280000,0
2018-08-13,24.075332641601562,24.21266746520996,23.26799964904785,23.76066780090332,23.76066780090332,156958500,0
2018-08-14,23.89666748046875,23.946666717529297,23.139999389648438,23.176000595092773,23.176000595092773,104796000,4
2018-08-15,22.79400062561035,22.965999603271484,22.142667770385742,22.57933235168457,22.57933235168457,136519500,2
2018-08-16,22.660667419433594,22.818666458129883,22.254667282104492,22.363332748413086,22.363332748413086,90960000,2
2018-08-17,21.566667556762695,21.784666061401367,20.235332489013672,20.366666793823242,20.366666793823242,284379000,4
2018-08-20,19.446666717529297,20.566667556762695,19.213333129882812,20.562667846679688,20.562667846679688,261034500,0
2018-08-21,20.707332611083984,21.652666091918945,20.600000381469727,21.459999084472656,21.459999084472656,197583000,2
2018-08-22,21.391332626342773,21.591999053955078,20.97800064086914,21.44266700744629,21.44266700744629,89190000,4
2018-08-23,21.275999069213867,21.821332931518555,21.206666946411133,21.34000015258789,21.34000015258789,77209500,2
2018-08-24,21.3799991607666,21.59000015258789,21.293333053588867,21.521333694458008,21.521333694458008,54039000,0
2018-08-27,21.200000762939453,21.496000289916992,20.58733367919922,21.284666061401367,21.284666061401367,196189500,4
2018-08-28,21.227333068847656,21.2586669921875,20.746000289916992,20.790666580200195,20.790666580200195,114736500,2
2018-08-29,20.684667587280273,20.790000915527344,20.246000289916992,20.333999633789062,20.333999633789062,111711000,4
2018-08-30,20.150667190551758,20.30666732788086,19.847999572753906,20.209999084472656,20.209999084472656,108250500,2
2018-08-31,20.133333206176758,20.354000091552734,19.906667709350586,20.110666275024414,20.110666275024414,80626500,2
2018-09-04,19.79599952697754,19.87933349609375,19.200000762939453,19.26333236694336,19.26333236694336,125257500,0
2018-09-05,19.003332138061523,19.118667602539062,18.478666305541992,18.715999603271484,18.715999603271484,115812000,4
2018-09-06,18.98666763305664,19.411333084106445,18.591999053955078,18.729999542236328,18.729999542236328,112212000,2
2018-09-07,17.34000015258789,17.889999389648438,16.816667556762695,17.549333572387695,17.549333572387695,337378500,0
2018-09-10,18.21733283996582,19.068666458129883,18.066667556762695,19.03333282470703,19.03333282470703,214252500,2
2018-09-11,18.631332397460938,18.799999237060547,18.23666763305664,18.62933349609375,18.62933349609375,137550000,0
2018-09-12,18.762666702270508,19.5,18.57666778564453,19.369333267211914,19.369333267211914,150231000,4
2018-09-13,19.201332092285156,19.666667938232422,19.011999130249023,19.297332763671875,19.297332763671875,95104500,0
2018-09-14,19.250667572021484,19.82200050354004,19.101333618164062,19.68000030517578,19.68000030517578,101484000,0
2018-09-17,19.336000442504883,20.058000564575195,19.208667755126953,19.6560001373291,19.6560001373291,103314000,4
2018-09-18,19.779333114624023,20.176000595092773,18.366666793823242,18.997333526611328,18.997333526611328,248212500,0
2018-09-19,18.700666427612305,20.0,18.700000762939453,19.934667587280273,19.934667587280273,124423500,0
2018-09-20,20.237333297729492,20.398666381835938,19.55533218383789,19.8886661529541,19.8886661529541,110241000,2
2018-09-21,19.84666633605957,20.038667678833008,19.691333770751953,19.940000534057617,19.940000534057617,75757500,0
2018-09-24,19.898666381835938,20.200000762939453,19.57200050354004,19.978666305541992,19.978666305541992,72645000,2
2018-09-25,20.0,20.30666732788086,19.766666412353516,20.06599998474121,20.06599998474121,67225500,4
2018-09-26,20.12733268737793,20.926000595092773,20.073999404907227,20.6386661529541,20.6386661529541,117648000,2
2018-09-27,20.860000610351562,20.997333526611328,20.46066665649414,20.501333236694336,20.501333236694336,127636500,0
2018-09-28,18.017332077026367,18.53333282470703,17.37066650390625,17.65133285522461,17.65133285522461,504745500,0
2018-10-01,20.384666442871094,20.762666702270508,20.06999969482422,20.713333129882812,20.713333129882812,326664000,0
2018-10-02,20.93000030517578,21.12266731262207,19.94333267211914,20.06800079345703,20.06800079345703,176152500,0
2018-10-03,20.222000122070312,20.30666732788086,19.437999725341797,19.65333366394043,19.65333366394043,119925000,4
2018-10-04,19.59666633605957,19.600000381469727,18.511333465576172,18.788667678833008,18.788667678833008,147213000,2
2018-10-05,18.309999465942383,18.325332641601562,17.333332061767578,17.463333129882812,17.463333129882812,269167500,2
2018-10-08,17.634666442871094,17.85066795349121,16.600000381469727,16.70400047302246,16.70400047302246,202090500,4
2018-10-09,17.016666412353516,17.784666061401367,16.886667251586914,17.520000457763672,17.520000457763672,180909000,4
2018-10-10,17.640666961669922,17.700666427612305,16.51799964904785,17.125333786010742,17.125333786010742,192229500,4
2018-10-11,17.16866683959961,17.483333587646484,16.601999282836914,16.815332412719727,16.815332412719727,122515500,2
2018-10-12,17.399999618530273,17.465999603271484,16.80066680908203,17.25200080871582,17.25200080871582,108021000,4
2018-10-15,17.270666122436523,17.552000045776367,16.96933364868164,17.305999755859375,17.305999755859375,93000000,4
2018-10-16,17.713333129882812,18.492000579833984,17.482667922973633,18.439332962036133,18.439332962036133,142896000,4
2018-10-17,18.82666778564453,18.84666633605957,17.719999313354492,18.118667602539062,18.118667602539062,129832500,0
2018-10-18,17.952667236328125,18.066667556762695,17.53333282470703,17.5939998626709,17.5939998626709,81318000,0
2018-10-19,17.826000213623047,17.977333068847656,16.899999618530273,17.333332061767578,17.333332061767578,140632500,0
2018-10-22,17.3786678314209,17.457332611083984,16.839332580566406,17.39666748046875,17.39666748046875,84004500,2
2018-10-23,17.591333389282227,19.86199951171875,17.47333335876465,19.609333038330078,19.609333038330078,285417000,4
2018-10-24,20.06999969482422,20.29599952697754,19.048667907714844,19.233333587646484,19.233333587646484,300874500,0
2018-10-25,21.148000717163086,21.399999618530273,20.067333221435547,20.99066734313965,20.99066734313965,312610500,4
2018-10-26,20.549999237060547,22.65999984741211,20.44333267211914,22.059999465942383,22.059999465942383,411382500,0
2018-10-29,22.49799919128418,23.143999099731445,21.766666412353516,22.323333740234375,22.323333740234375,217290000,4
2018-10-30,21.892667770385742,22.52666664123535,21.483999252319336,21.99333381652832,21.99333381652832,136900500,4
2018-10-31,22.16933250427246,22.799999237060547,21.940000534057617,22.488000869750977,22.488000869750977,114364500,4
2018-11-01,22.55066680908203,23.189332962036133,22.315332412719727,22.95199966430664,22.95199966430664,120001500,4
2018-11-02,22.916000366210938,23.280000686645508,22.727333068847656,23.0939998626709,23.0939998626709,117120000,4
2018-11-05,22.700000762939453,22.930667877197266,22.00933265686035,22.760000228881836,22.760000228881836,117465000,4
2018-11-06,22.60466766357422,23.253332138061523,22.4060001373291,22.737333297729492,22.737333297729492,101443500,0
2018-11-07,22.889333724975586,23.41200065612793,22.719999313354492,23.21066665649414,23.21066665649414,110617500,2
2018-11-08,23.233333587646484,23.838666915893555,23.229333877563477,23.426666259765625,23.426666259765625,106360500,2
2018-11-09,23.266666412353516,23.600000381469727,23.01533317565918,23.367332458496094,23.367332458496094,76482000,0
2018-11-12,23.224666595458984,23.318666458129883,22.022666931152344,22.0853328704834,22.0853328704834,104122500,4
2018-11-13,22.21066665649414,22.979999542236328,22.14666748046875,22.582000732421875,22.582000732421875,81729000,4
2018-11-14,22.84666633605957,23.140666961669922,22.476667404174805,22.933332443237305,22.933332443237305,75604500,4
2018-11-15,22.82200050354004,23.238666534423828,22.6026668548584,23.229333877563477,23.229333877563477,69385500,2
2018-11-16,23.012666702270508,23.713333129882812,23.007999420166016,23.62066650390625,23.62066650390625,108093000,4
2018-11-19,23.756000518798828,24.450000762939453,23.525333404541016,23.564666748046875,23.564666748046875,145633500,4
2018-11-20,22.78333282470703,23.31999969482422,22.23666763305664,23.166000366210938,23.166000366210938,120070500,2
2018-11-21,23.46666717529297,23.540000915527344,22.49333381652832,22.54599952697754,22.54599952697754,70302000,2
2018-11-23,22.290000915527344,22.5,21.703332901000977,21.722000122070312,21.722000122070312,63039000,4
2018-11-26,21.666667938232422,23.08133316040039,21.666667938232422,23.066667556762695,23.066667556762695,119881500,0
2018-11-27,22.670000076293945,23.130666732788086,22.366666793823242,22.92799949645996,22.92799949645996,95374500,0
2018-11-28,23.06599998474121,23.218666076660156,22.81399917602539,23.191333770751953,23.191333770751953,61914000,0
2018-11-29,23.133333206176758,23.166667938232422,22.636667251586914,22.744667053222656,22.744667053222656,46210500,2
2018-11-30,22.788667678833008,23.440000534057617,22.55066680908203,23.365333557128906,23.365333557128906,84436500,2
2018-12-03,24.0,24.399999618530273,23.46666717529297,23.89933204650879,23.89933204650879,124597500,4
2018-12-04,23.73666763305664,24.57866668701172,23.46666717529297,23.979999542236328,23.979999542236328,126928500,0
2018-12-06,23.733999252319336,24.492000579833984,23.384000778198242,24.20400047302246,24.20400047302246,117637500,1
2018-12-07,24.600000381469727,25.299333572387695,23.843332290649414,23.864667892456055,23.864667892456055,172668000,4
2018-12-10,24.0,24.398666381835938,23.541332244873047,24.343332290649414,24.343332290649414,99202500,4
2018-12-11,24.660667419433594,24.81133270263672,24.01533317565918,24.450666427612305,24.450666427612305,94632000,0
2018-12-12,24.628000259399414,24.79400062561035,24.3439998626709,24.440000534057617,24.440000534057617,75405000,0
2018-12-13,24.676666259765625,25.16266632080078,24.450000762939453,25.119333267211914,25.119333267211914,110488500,1
2018-12-14,25.0,25.191333770751953,24.288667678833008,24.380666732788086,24.380666732788086,95064000,0
2018-12-17,24.133333206176758,24.3799991607666,22.92533302307129,23.22800064086914,23.22800064086914,115110000,4
2018-12-18,23.369333267211914,23.43666648864746,22.246000289916992,22.468666076660156,22.468666076660156,106500000,0
2018-12-19,22.50666618347168,23.134000778198242,21.982667922973633,22.197999954223633,22.197999954223633,124113000,4
2018-12-20,21.803333282470703,22.019332885742188,20.791332244873047,21.025333404541016,21.025333404541016,136078500,0
2018-12-21,21.15999984741211,21.564666748046875,20.82933235168457,21.31800079345703,21.31800079345703,120252000,0
2018-12-24,20.899999618530273,20.96666717529297,19.68000030517578,19.69266700744629,19.69266700744629,83398500,0
2018-12-26,20.0,21.79800033569336,19.606000900268555,21.73933219909668,21.73933219909668,122446500,4
2018-12-27,21.32266616821289,21.47800064086914,20.100000381469727,21.075332641601562,21.075332641601562,128626500,4
2018-12-28,21.540000915527344,22.416000366210938,21.227333068847656,22.257999420166016,22.257999420166016,149085000,0
2018-12-31,22.519332885742188,22.61400032043457,21.68400001525879,22.18666648864746,22.18666648864746,94534500,0
2019-01-02,20.406667709350586,21.0086669921875,19.920000076293945,20.674667358398438,20.674667358398438,174879000,4
2019-01-03,20.46666717529297,20.626667022705078,19.825332641601562,20.02400016784668,20.02400016784668,104478000,2
2019-01-04,20.399999618530273,21.200000762939453,20.18199920654297,21.179332733154297,21.179332733154297,110911500,0
2019-01-07,21.447999954223633,22.44933319091797,21.183332443237305,22.33066749572754,22.33066749572754,113268000,4
2019-01-08,22.797332763671875,22.93400001525879,21.801332473754883,22.356666564941406,22.356666564941406,105127500,0
2019-01-09,22.366666793823242,22.899999618530273,22.097999572753906,22.568666458129883,22.568666458129883,81493500,1
2019-01-10,22.293333053588867,23.025999069213867,22.119333267211914,22.99799919128418,22.99799919128418,90846000,0
2019-01-11,22.805999755859375,23.227333068847656,22.584667205810547,23.150667190551758,23.150667190551758,75586500,4
2019-01-14,22.825332641601562,22.833332061767578,22.266666412353516,22.293333053588867,22.293333053588867,78709500,0
2019-01-15,22.333332061767578,23.253332138061523,22.299999237060547,22.961999893188477,22.961999893188477,90849000,4
2019-01-16,22.985332489013672,23.46666717529297,22.899999618530273,23.06999969482422,23.06999969482422,70375500,4
2019-01-17,23.08066749572754,23.433332443237305,22.94333267211914,23.15399932861328,23.15399932861328,55150500,2
2019-01-18,21.53333282470703,21.808666229248047,19.98200035095215,20.150667190551758,20.150667190551758,362262000,2
2019-01-22,20.321332931518555,20.53333282470703,19.700000762939453,19.92799949645996,19.92799949645996,181000500,4
2019-01-23,19.5,19.633333206176758,18.779333114624023,19.172666549682617,19.172666549682617,187950000,2
2019-01-24,18.868667602539062,19.57866668701172,18.618667602539062,19.43400001525879,19.43400001525879,120183000,2
2019-01-25,19.625999450683594,19.90133285522461,19.303333282470703,19.80266761779785,19.80266761779785,108744000,0
2019-01-28,19.527332305908203,19.83066749572754,19.183332443237305,19.7586669921875,19.7586669921875,96349500,0
2019-01-29,19.684667587280273,19.90399932861328,19.453332901000977,19.83066749572754,19.83066749572754,69325500,2
2019-01-30,20.030000686645508,20.600000381469727,19.89933204650879,20.584667205810547,20.584667205810547,168754500,0
2019-01-31,20.066667556762695,20.770666122436523,19.600000381469727,20.468000411987305,20.468000411987305,188538000,0
2019-02-01,20.3613338470459,21.073333740234375,20.233333587646484,20.81399917602539,20.81399917602539,109251000,0
2019-02-04,20.865333557128906,21.020000457763672,20.125333786010742,20.859333038330078,20.859333038330078,110281500,4
2019-02-05,20.832666397094727,21.496000289916992,20.816667556762695,21.42333221435547,21.42333221435547,101142000,2
2019-02-06,21.305999755859375,21.615999221801758,21.041332244873047,21.148000717163086,21.148000717163086,75577500,4
2019-02-07,20.886667251586914,20.979999542236328,20.200000762939453,20.500667572021484,20.500667572021484,97809000,2
2019-02-08,20.455333709716797,20.496667861938477,19.899999618530273,20.386667251586914,20.386667251586914,87663000,2
2019-02-11,20.773332595825195,21.239999771118164,20.700000762939453,20.856000900268555,20.856000900268555,106945500,0
2019-02-12,21.079999923706055,21.21266746520996,20.641332626342773,20.78733253479004,20.78733253479004,82764000,0
2019-02-13,20.823333740234375,20.850000381469727,20.3713321685791,20.544666290283203,20.544666290283203,77124000,0
2019-02-14,20.225332260131836,20.451332092285156,20.066667556762695,20.251333236694336,20.251333236694336,78012000,2
2019-02-15,20.299999237060547,20.53333282470703,20.260000228881836,20.525333404541016,20.525333404541016,58573500,4
2019-02-19,20.437332153320312,20.769332885742188,20.364667892456055,20.375999450683594,20.375999450683594,62526000,2
2019-02-20,20.29400062561035,20.420000076293945,19.933332443237305,20.17066764831543,20.17066764831543,107131500,2
2019-02-21,20.12066650390625,20.215999603271484,19.366666793823242,19.415332794189453,19.415332794189453,133638000,2
2019-02-22,19.632667541503906,19.766666412353516,19.47333335876465,19.6473331451416,19.6473331451416,86109000,4
2019-02-25,19.860666275024414,20.19333267211914,19.799999237060547,19.917999267578125,19.917999267578125,99397500,2
2019-02-26,19.481332778930664,20.134000778198242,19.251333236694336,19.857332229614258,19.857332229614258,128737500,0
2019-02-27,20.118667602539062,21.086666107177734,20.036666870117188,20.982667922973633,20.982667922973633,167758500,4
2019-02-28,21.261333465576172,21.333332061767578,20.720666885375977,21.325332641601562,21.325332641601562,157810500,0
2019-03-01,20.46266746520996,20.475332260131836,19.459999084472656,19.652666091918945,19.652666091918945,343671000,4
2019-03-04,19.874666213989258,19.933332443237305,18.851999282836914,19.02400016784668,19.02400016784668,256452000,2
2019-03-05,18.799999237060547,18.933332443237305,18.00666618347168,18.43600082397461,18.43600082397461,281470500,0
2019-03-06,18.43199920654297,18.767332077026367,18.292667388916016,18.416000366210938,18.416000366210938,155032500,4
2019-03-07,18.589332580566406,18.979999542236328,18.28333282470703,18.439332962036133,18.439332962036133,141637500,0
2019-03-08,18.46066665649414,19.03933334350586,18.392667770385742,18.94266700744629,18.94266700744629,132294000,0
2019-03-11,18.90133285522461,19.41866683959961,18.700000762939453,19.39466667175293,19.39466667175293,110884500,4
2019-03-12,19.099332809448242,19.204666137695312,18.737333297729492,18.890666961669922,18.890666961669922,112561500,4
2019-03-13,18.926666259765625,19.465999603271484,18.84666633605957,19.263999938964844,19.263999938964844,102670500,4
2019-03-14,19.496667861938477,19.69266700744629,19.21933364868164,19.33066749572754,19.33066749572754,106551000,4
2019-03-15,18.900667190551758,18.9146671295166,18.293333053588867,18.36199951171875,18.36199951171875,221782500,4
2019-03-18,18.399999618530273,18.536666870117188,17.81999969482422,17.965999603271484,17.965999603271484,154215000,2
2019-03-19,17.833332061767578,18.219999313354492,17.56399917602539,17.83133316040039,17.83133316040039,177009000,4
2019-03-20,17.979333877563477,18.33133316040039,17.753332138061523,18.239999771118164,18.239999771118164,103623000,4
2019-03-21,18.17333221435547,18.43000030517578,17.89666748046875,18.26799964904785,18.26799964904785,89206500,0
2019-03-22,18.172000885009766,18.18666648864746,17.600000381469727,17.635332107543945,17.635332107543945,131184000,2
2019-03-25,17.31399917602539,17.545333862304688,16.964000701904297,17.3613338470459,17.3613338470459,153225000,0
2019-03-26,17.62933349609375,18.017332077026367,17.6286678314209,17.851333618164062,17.851333618164062,110263500,4
2019-03-27,17.916667938232422,18.357999801635742,17.8786678314209,18.32200050354004,18.32200050354004,131688000,0
2019-03-28,18.477333068847656,18.68866729736328,18.34000015258789,18.57466697692871,18.57466697692871,101611500,2
2019-03-29,18.579999923706055,18.67733383178711,18.299999237060547,18.657333374023438,18.657333374023438,89869500,0
2019-04-01,18.841333389282227,19.280000686645508,18.75200080871582,19.278667449951172,19.278667449951172,121656000,0
2019-04-02,19.219999313354492,19.29599952697754,18.92533302307129,19.058666229248047,19.058666229248047,82183500,0
2019-04-03,19.154666900634766,19.744667053222656,19.14466667175293,19.45400047302246,19.45400047302246,118791000,4
2019-04-04,17.459333419799805,18.079999923706055,17.37266731262207,17.851999282836914,17.851999282836914,355810500,0
2019-04-05,17.99066734313965,18.406667709350586,17.74066734313965,18.33066749572754,18.33066749572754,195574500,2
2019-04-08,18.512666702270508,18.743999481201172,18.029333114624023,18.213333129882812,18.213333129882812,156156000,4
2019-04-09,18.110000610351562,18.333332061767578,17.974000930786133,18.15399932861328,18.15399932861328,88560000,4
2019-04-10,18.44933319091797,18.558666229248047,18.19266700744629,18.40399932861328,18.40399932861328,105919500,2
2019-04-11,17.886667251586914,18.03333282470703,17.706666946411133,17.89466667175293,17.89466667175293,147538500,0
2019-04-12,18.014667510986328,18.1299991607666,17.788667678833008,17.84666633605957,17.84666633605957,101190000,4
2019-04-15,17.908666610717773,17.92533302307129,17.242000579833984,17.7586669921875,17.7586669921875,150579000,4
2019-04-16,17.71666717529297,18.333332061767578,17.648000717163086,18.224000930786133,18.224000930786133,109093500,0
2019-04-17,18.316667556762695,18.319332122802734,17.902666091918945,18.082000732421875,18.082000732421875,76897500,2
2019-04-18,18.082000732421875,18.32266616821289,17.983333587646484,18.21733283996582,18.21733283996582,88144500,2
2019-04-22,17.933332443237305,17.978666305541992,17.498666763305664,17.516666412353516,17.516666412353516,182206500,2
2019-04-23,17.343332290649414,17.706666946411133,17.049999237060547,17.593332290649414,17.593332290649414,164158500,4
2019-04-24,17.59000015258789,17.687999725341797,17.200000762939453,17.243999481201172,17.243999481201172,160912500,3
2019-04-25,17.0,17.266666412353516,16.404666900634766,16.5086669921875,16.5086669921875,327741000,2
2019-04-26,16.433332443237305,16.44533348083496,15.408666610717773,15.675999641418457,15.675999641418457,335410500,0
2019-04-29,15.723999977111816,16.26533317565918,15.477999687194824,16.097999572753906,16.097999572753906,250717500,4
2019-04-30,16.137332916259766,16.28066635131836,15.800000190734863,15.912667274475098,15.912667274475098,141969000,0
2019-05-01,15.923333168029785,16.0,15.433333396911621,15.600666999816895,15.600666999816895,160566000,0
2019-05-02,16.368000030517578,16.475332260131836,15.847999572753906,16.273332595825195,16.273332595825195,272389500,2
2019-05-03,16.257333755493164,17.107332229614258,16.232667922973633,17.00200080871582,17.00200080871582,355602000,0
2019-05-06,16.667999267578125,17.22333335876465,16.566667556762695,17.022666931152344,17.022666931152344,162508500,2
2019-05-07,17.1200008392334,17.1473331451416,16.34000015258789,16.470666885375977,16.470666885375977,151971000,2
2019-05-08,16.46266746520996,16.706666946411133,16.280000686645508,16.32266616821289,16.32266616821289,92646000,4
2019-05-09,16.133333206176758,16.245332717895508,15.795999526977539,16.131999969482422,16.131999969482422,100671000,2
2019-05-10,15.983332633972168,16.132667541503906,15.73466682434082,15.968000411987305,15.968000411987305,105124500,2
2019-05-13,15.46733283996582,15.498000144958496,14.966667175292969,15.133999824523926,15.133999824523926,162522000,2
2019-05-14,15.286666870117188,15.633333206176758,15.199999809265137,15.487333297729492,15.487333297729492,108786000,4
2019-05-15,15.288000106811523,15.496000289916992,15.016667366027832,15.463333129882812,15.463333129882812,109440000,4
2019-05-16,15.299332618713379,15.399999618530273,15.100000381469727,15.222000122070312,15.222000122070312,112249500,0
2019-05-17,14.797332763671875,14.815999984741211,13.928000450134277,14.0686674118042,14.0686674118042,266800500,4
2019-05-20,13.520000457763672,13.733332633972168,13.016667366027832,13.690667152404785,13.690667152404785,307893000,2
2019-05-21,13.184000015258789,13.826666831970215,13.06933307647705,13.67199993133545,13.67199993133545,270058500,2
2019-05-22,13.273332595825195,13.595999717712402,12.785332679748535,12.84866714477539,12.84866714477539,280278000,4
2019-05-23,12.956000328063965,13.29800033569336,12.414667129516602,13.03266716003418,13.03266716003418,398206500,0
2019-05-24,13.321999549865723,13.331999778747559,12.583333015441895,12.708666801452637,12.708666801452637,212049000,4
2019-05-28,12.74666690826416,13.0,12.523332595825195,12.579999923706055,12.579999923706055,154693500,4
2019-05-29,12.473333358764648,12.826000213623047,12.336000442504883,12.657333374023438,12.657333374023438,179529000,2
2019-05-30,12.583333015441895,12.817333221435547,12.468000411987305,12.54800033569336,12.54800033569336,118897500,2
2019-05-31,12.34000015258789,12.661333084106445,12.273332595825195,12.343999862670898,12.343999862670898,156100500,4
2019-06-03,12.36733341217041,12.445332527160645,11.799332618713379,11.9313325881958,11.9313325881958,195966000,2
2019-06-04,12.073332786560059,12.932000160217285,11.973999977111816,12.90666675567627,12.90666675567627,207112500,4
2019-06-05,13.245332717895508,13.41866683959961,12.789999961853027,13.105999946594238,13.105999946594238,202662000,0
2019-06-06,13.629332542419434,14.066666603088379,13.453332901000977,13.729999542236328,13.729999542236328,303633000,2
2019-06-07,13.666666984558105,14.055999755859375,13.566666603088379,13.633333206176758,13.633333206176758,240052500,4
2019-06-10,14.016667366027832,14.462667465209961,13.934000015258789,14.192000389099121,14.192000389099121,158775000,0
2019-06-11,14.609333038330078,14.726667404174805,14.233332633972168,14.473333358764648,14.473333358764648,174802500,0
2019-06-12,14.863332748413086,14.892000198364258,13.933333396911621,13.950667381286621,13.950667381286621,227962500,2
2019-06-13,14.025333404541016,14.326666831970215,13.833999633789062,14.260666847229004,14.260666847229004,122524500,4
2019-06-14,14.083333015441895,14.44333267211914,14.026666641235352,14.32800006866455,14.32800006866455,111501000,2
2019-06-17,14.36533260345459,15.133333206176758,14.284667015075684,15.001999855041504,15.001999855041504,184752000,0
2019-06-18,15.248000144958496,15.649333000183105,14.837332725524902,14.982666969299316,14.982666969299316,190737000,4
2019-06-19,15.007332801818848,15.184666633605957,14.737333297729492,15.095333099365234,15.095333099365234,98626500,4
2019-06-20,14.866666793823242,15.126667022705078,14.423333168029785,14.641332626342773,14.641332626342773,177952500,2
2019-06-21,14.414667129516602,14.812000274658203,14.366666793823242,14.790666580200195,14.790666580200195,123031500,2
2019-06-24,14.88266658782959,15.057332992553711,14.73466682434082,14.909333229064941,14.909333229064941,86262000,4
2019-06-25,14.959333419799805,15.022666931152344,14.63266658782959,14.650667190551758,14.650667190551758,92731500,2
2019-06-26,14.687333106994629,15.148667335510254,14.539999961853027,14.618000030517578,14.618000030517578,127608000,0
2019-06-27,14.630000114440918,14.859999656677246,14.489999771118164,14.855999946594238,14.855999946594238,95095500,2
2019-06-28,14.732666969299316,15.011333465576172,14.720000267028809,14.897333145141602,14.897333145141602,102771000,2
2019-07-01,15.347332954406738,15.539999961853027,15.085332870483398,15.14466667175293,15.14466667175293,123201000,4
2019-07-02,15.259332656860352,15.276666641235352,14.814666748046875,14.970000267028809,14.970000267028809,138885000,0
2019-07-03,15.959333419799805,16.10466766357422,15.633999824523926,15.65999984741211,15.65999984741211,213016500,2
2019-07-05,15.637999534606934,15.696666717529297,15.386667251586914,15.539999961853027,15.539999961853027,105985500,2
2019-07-08,15.416000366210938,15.483332633972168,15.244000434875488,15.355999946594238,15.355999946594238,88207500,2
2019-07-09,15.264666557312012,15.399999618530273,15.152000427246094,15.337332725524902,15.337332725524902,92862000,4
2019-07-10,15.609999656677246,15.929332733154297,15.542667388916016,15.928000450134277,15.928000450134277,137185500,2
2019-07-11,15.87600040435791,16.100000381469727,15.720000267028809,15.90666675567627,15.90666675567627,112716000,4
2019-07-12,15.983332633972168,16.358667373657227,15.980667114257812,16.338666915893555,16.338666915893555,138007500,2
2019-07-15,16.53333282470703,16.961332321166992,16.323999404907227,16.899999618530273,16.899999618530273,165001500,0
2019-07-16,16.6200008392334,16.902000427246094,16.528667449951172,16.825332641601562,16.825332641601562,122235000,0
2019-07-17,17.044666290283203,17.220666885375977,16.889999389648438,16.99066734313965,16.99066734313965,146470500,4
2019-07-18,17.003332138061523,17.049999237060547,16.792667388916016,16.902666091918945,16.902666091918945,71379000,0
2019-07-19,17.04599952697754,17.33066749572754,16.974666595458984,17.211999893188477,17.211999893188477,105726000,4
2019-07-22,17.25,17.476667404174805,16.945999145507812,17.045333862304688,17.045333862304688,102636000,2
2019-07-23,17.11400032043457,17.365333557128906,16.96666717529297,17.344667434692383,17.344667434692383,75346500,4
2019-07-24,17.277999877929688,17.738000869750977,17.21066665649414,17.658666610717773,17.658666610717773,166092000,1
2019-07-25,15.566666603088379,15.633333206176758,15.036666870117188,15.254667282104492,15.254667282104492,336274500,4
2019-07-26,15.128000259399414,15.350666999816895,14.816666603088379,15.202667236328125,15.202667236328125,150415500,2
2019-07-29,15.13933277130127,15.72933292388916,15.0686674118042,15.718000411987305,15.718000411987305,139099500,4
2019-07-30,15.526666641235352,16.224000930786133,15.478667259216309,16.150667190551758,16.150667190551758,121635000,4
2019-07-31,16.200000762939453,16.44533348083496,15.776666641235352,16.107332229614258,16.107332229614258,137673000,2
2019-08-01,16.176666259765625,16.30066680908203,15.451333045959473,15.59000015258789,15.59000015258789,123892500,4
2019-08-02,15.423333168029785,15.751333236694336,15.281999588012695,15.62266731262207,15.62266731262207,92047500,4
2019-08-05,15.30666732788086,15.424667358398438,15.052000045776367,15.221332550048828,15.221332550048828,105424500,2
2019-08-06,15.458666801452637,15.5,15.050000190734863,15.383333206176758,15.383333206176758,83463000,4
2019-08-07,15.100000381469727,15.571332931518555,15.053333282470703,15.561332702636719,15.561332702636719,71647500,0
2019-08-08,15.630000114440918,15.986666679382324,15.510000228881836,15.886667251586914,15.886667251586914,79114500,0
2019-08-09,15.736666679382324,15.93066692352295,15.587332725524902,15.667332649230957,15.667332649230957,58473000,4
2019-08-12,15.53266716003418,15.718000411987305,15.25,15.267333030700684,15.267333030700684,69958500,4
2019-08-13,15.253999710083008,15.733332633972168,15.170000076293945,15.666666984558105,15.666666984558105,72721500,2
2019-08-14,15.413999557495117,15.433333396911621,14.446000099182129,14.641332626342773,14.641332626342773,143439000,2
2019-08-15,14.723999977111816,14.77066707611084,14.103333473205566,14.37600040435791,14.37600040435791,122394000,0
2019-08-16,14.444000244140625,14.815999984741211,14.40133285522461,14.662667274475098,14.662667274475098,76477500,0
2019-08-19,14.947333335876465,15.188667297363281,14.779999732971191,15.121999740600586,15.121999740600586,79644000,4
2019-08-20,15.174667358398438,15.272666931152344,14.969332695007324,15.057332992553711,15.057332992553711,61878000,2
2019-08-21,14.800666809082031,14.881333351135254,14.506667137145996,14.722000122070312,14.722000122070312,116914500,2
2019-08-22,14.853333473205566,15.026666641235352,14.54800033569336,14.8100004196167,14.8100004196167,98385000,4
2019-08-23,14.664667129516602,14.744667053222656,14.066666603088379,14.09333324432373,14.09333324432373,128079000,4
2019-08-26,14.239999771118164,14.334667205810547,14.102666854858398,14.333333015441895,14.333333015441895,75778500,0
2019-08-27,14.38266658782959,14.58666706085205,14.135333061218262,14.272000312805176,14.272000312805176,81243000,2
2019-08-28,14.246000289916992,14.483332633972168,14.154000282287598,14.37266731262207,14.37266731262207,48382500,2
2019-08-29,14.600000381469727,14.893333435058594,14.533332824707031,14.780667304992676,14.780667304992676,77692500,2
2019-08-30,15.276666641235352,15.496000289916992,14.947333335876465,15.040666580200195,15.040666580200195,139809000,2
2019-09-03,14.938667297363281,15.263333320617676,14.87733268737793,15.000666618347168,15.000666618347168,80311500,2
2019-09-04,15.12600040435791,15.230667114257812,14.61400032043457,14.711999893188477,14.711999893188477,86415000,2
2019-09-05,14.833333015441895,15.319999694824219,14.723333358764648,15.305333137512207,15.305333137512207,110929500,2
2019-09-06,15.146666526794434,15.309332847595215,15.011333465576172,15.16333293914795,15.16333293914795,62841000,2
2019-09-09,15.333333015441895,15.583999633789062,15.281999588012695,15.452667236328125,15.452667236328125,72040500,0
2019-09-10,15.386667251586914,15.702667236328125,15.262666702270508,15.702667236328125,15.702667236328125,73255500,0
2019-09-11,15.825332641601562,16.544666290283203,15.733332633972168,16.47333335876465,16.47333335876465,150642000,2
2019-09-12,16.51333236694336,16.899999618530273,16.293333053588867,16.391332626342773,16.391332626342773,128718000,2
2019-09-13,16.464000701904297,16.56333351135254,16.32466697692871,16.34666633605957,16.34666633605957,79696500,2
2019-09-16,16.399999618530273,16.495332717895508,16.077999114990234,16.187332153320312,16.187332153320312,70921500,2
2019-09-17,16.1646671295166,16.373332977294922,16.024667739868164,16.319332122802734,16.319332122802734,57981000,2
2019-09-18,16.333332061767578,16.544666290283203,16.158000946044922,16.232667922973633,16.232667922973633,62553000,0
2019-09-19,16.399999618530273,16.529333114624023,16.32266616821289,16.440000534057617,16.440000534057617,71937000,0
2019-09-20,16.432666778564453,16.463333129882812,15.87733268737793,16.041332244873047,16.041332244873047,95295000,2
2019-09-23,16.0,16.345333099365234,15.947999954223633,16.082000732421875,16.082000732421875,65103000,2
2019-09-24,16.101333618164062,16.132667541503906,14.840666770935059,14.880666732788086,14.880666732788086,193372500,2
2019-09-25,14.970666885375977,15.26533317565918,14.557332992553711,15.24666690826416,15.24666690826416,141406500,4
2019-09-26,15.37733268737793,16.220666885375977,15.15999984741211,16.17066764831543,16.17066764831543,178267500,4
2019-09-27,16.14666748046875,16.58066749572754,15.915332794189453,16.142000198364258,16.142000198364258,166746000,0
2019-09-30,16.200000762939453,16.26533317565918,15.740667343139648,16.058000564575195,16.058000564575195,88197000,2
2019-10-01,16.100000381469727,16.39666748046875,15.942000389099121,16.312667846679688,16.312667846679688,92439000,2
2019-10-02,16.21933364868164,16.309999465942383,15.961999893188477,16.208667755126953,16.208667755126953,84471000,2
2019-10-03,15.457332611083984,15.631999969482422,14.95199966430664,15.535332679748535,15.535332679748535,226267500,4
2019-10-04,15.440667152404785,15.652000427246094,15.204667091369629,15.428667068481445,15.428667068481445,119925000,4
2019-10-07,15.319999694824219,15.904000282287598,15.236666679382324,15.847999572753906,15.847999572753906,120963000,4
2019-10-08,15.724666595458984,16.262666702270508,15.633333206176758,16.003332138061523,16.003332138061523,130173000,2
2019-10-09,16.08799934387207,16.48666763305664,16.043333053588867,16.302000045776367,16.302000045776367,103416000,2
2019-10-10,16.351999282836914,16.618667602539062,16.10533332824707,16.31599998474121,16.31599998474121,94249500,4
2019-10-11,16.476667404174805,16.738666534423828,16.45400047302246,16.525999069213867,16.525999069213867,127131000,0
2019-10-14,16.52666664123535,17.23666763305664,16.475332260131836,17.130666732788086,17.130666732788086,153075000,2
2019-10-15,17.18000030517578,17.333332061767578,16.941333770751953,17.19266700744629,17.19266700744629,96492000,4
2019-10-16,17.159332275390625,17.47333335876465,17.128000259399414,17.316667556762695,17.316667556762695,100261500,4
2019-10-17,17.5,17.652000427246094,17.344667434692383,17.46466636657715,17.46466636657715,71539500,4
2019-10-18,17.3799991607666,17.520000457763672,17.00666618347168,17.1299991607666,17.1299991607666,86247000,4
2019-10-21,17.222000122070312,17.299999237060547,16.678667068481445,16.899999618530273,16.899999618530273,75304500,2
2019-10-22,16.954666137695312,17.222000122070312,16.72333335876465,17.038667678833008,17.038667678833008,69012000,2
2019-10-23,16.96666717529297,17.076000213623047,16.75666618347168,16.978666305541992,16.978666305541992,78916500,0
2019-10-24,19.891332626342773,20.32866668701172,19.280000686645508,19.978666305541992,19.978666305541992,445813500,0
2019-10-25,19.847999572753906,22.0,19.74066734313965,21.875333786010742,21.875333786010742,450091500,4
2019-10-28,21.836000442504883,22.722667694091797,21.50666618347168,21.847333908081055,21.847333908081055,283054500,4
2019-10-29,21.332666397094727,21.6200008392334,20.983333587646484,21.08133316040039,21.08133316040039,190264500,0
2019-10-30,20.866666793823242,21.252666473388672,20.6646671295166,21.000667572021484,21.000667572021484,144627000,2
2019-10-31,20.873332977294922,21.266666412353516,20.866666793823242,20.994667053222656,20.994667053222656,76005000,0
2019-11-01,21.08799934387207,21.09866714477539,20.65333366394043,20.887332916259766,20.887332916259766,95758500,4
2019-11-04,20.98666763305664,21.46266746520996,20.617332458496094,21.1646671295166,21.1646671295166,131805000,0
2019-11-05,21.308000564575195,21.567333221435547,21.07466697692871,21.148000717163086,21.148000717163086,104151000,4
2019-11-06,21.200000762939453,21.781333923339844,20.96666717529297,21.77199935913086,21.77199935913086,119113500,4
2019-11-07,21.94266700744629,22.766666412353516,21.868000030517578,22.369333267211914,22.369333267211914,217009500,0
2019-11-08,22.299999237060547,22.497333526611328,22.166667938232422,22.47599983215332,22.47599983215332,91038000,4
2019-11-11,22.93000030517578,23.279333114624023,22.799999237060547,23.006000518798828,23.006000518798828,149800500,2
2019-11-12,23.126667022705078,23.357999801635742,22.93600082397461,23.32866668701172,23.32866668701172,110391000,2
2019-11-13,23.666667938232422,23.755332946777344,23.011999130249023,23.073999404907227,23.073999404907227,126301500,4
2019-11-14,23.073999404907227,23.589332580566406,22.860666275024414,23.290000915527344,23.290000915527344,96973500,2
2019-11-15,23.375999450683594,23.520000457763672,23.224000930786133,23.47800064086914,23.47800064086914,72135000,2
2019-11-18,23.527999877929688,23.543333053588867,23.073333740234375,23.332666397094727,23.332666397094727,66006000,2
2019-11-19,23.450000762939453,23.999332427978516,23.18666648864746,23.968000411987305,23.968000411987305,115872000,2
2019-11-20,24.0,24.079999923706055,23.30466651916504,23.481332778930664,23.481332778930664,100876500,2
2019-11-21,23.634000778198242,24.055999755859375,23.600000381469727,23.655332565307617,23.655332565307617,91650000,0
2019-11-22,22.67733383178711,22.733333587646484,22.0,22.202667236328125,22.202667236328125,253059000,0
2019-11-25,22.954666137695312,22.971332550048828,22.297332763671875,22.422666549682617,22.422666549682617,185092500,2
2019-11-26,22.351333618164062,22.366666793823242,21.80666732788086,21.92799949645996,21.92799949645996,119211000,4
2019-11-27,22.07466697692871,22.261999130249023,21.904666900634766,22.086000442504883,22.086000442504883,83334000,2
2019-11-29,22.073999404907227,22.083999633789062,21.833332061767578,21.996000289916992,21.996000289916992,36984000,2
2019-12-02,21.959999084472656,22.42533302307129,21.91266632080078,22.32466697692871,22.32466697692871,91117500,0
2019-12-03,22.174667358398438,22.527332305908203,22.145999908447266,22.413333892822266,22.413333892822266,98605500,2
2019-12-04,22.516666412353516,22.52400016784668,22.190000534057617,22.20199966430664,22.20199966430664,82995000,4
2019-12-05,22.18866729736328,22.294666290283203,21.816667556762695,22.024667739868164,22.024667739868164,55869000,2
2019-12-06,22.333332061767578,22.590667724609375,22.31800079345703,22.392667770385742,22.392667770385742,114186000,0
2019-12-09,22.439332962036133,22.963333129882812,22.338666915893555,22.635332107543945,22.635332107543945,135346500,4
2019-12-10,22.663999557495117,23.381999969482422,22.62066650390625,23.256000518798828,23.256000518798828,132424500,2
2019-12-11,23.458667755126953,23.812667846679688,23.4060001373291,23.51333236694336,23.51333236694336,103467000,2
2019-12-12,23.661333084106445,24.182666778564453,23.548667907714844,23.978666305541992,23.978666305541992,116458500,2
2019-12-13,24.06999969482422,24.347333908081055,23.642667770385742,23.892667770385742,23.892667770385742,98563500,2
2019-12-16,24.170000076293945,25.573999404907227,24.166667938232422,25.433332443237305,25.433332443237305,272613000,2
2019-12-17,25.266000747680664,25.700000762939453,25.059999465942383,25.266000747680664,25.266000747680664,127452000,0
2019-12-18,25.375333786010742,26.347999572753906,25.371999740600586,26.209999084472656,26.209999084472656,211815000,0
2019-12-19,26.488000869750977,27.123332977294922,26.433332443237305,26.93600082397461,26.93600082397461,271606500,0
2019-12-20,27.3526668548584,27.53333282470703,26.679332733154297,27.03933334350586,27.03933334350586,221290500,2
2019-12-23,27.45199966430664,28.134000778198242,27.333332061767578,27.947999954223633,27.947999954223633,199794000,0
2019-12-24,27.890666961669922,28.364667892456055,27.512666702270508,28.350000381469727,28.350000381469727,120820500,0
2019-12-26,28.527332305908203,28.898666381835938,28.42333221435547,28.729333877563477,28.729333877563477,159508500,4
2019-12-27,29.0,29.020666122436523,28.407333374023438,28.691999435424805,28.691999435424805,149185500,4
2019-12-30,28.586000442504883,28.600000381469727,27.284000396728516,27.64666748046875,27.64666748046875,188796000,0
2019-12-31,27.0,28.086000442504883,26.80533218383789,27.8886661529541,27.8886661529541,154285500,4
